airline,date_of_journey,source,destination,dep_time,arrival_time,duration,total_stops,additional_info,price
Jet Airways,2019-03-09,Delhi,Cochin,19:45:00,18:50:00,1385,1.0,No Info,16289
Air India,2019-03-06,Mumbai,Hyderabad,17:20:00,14:50:00,150,2.0,No Info,11972
Indigo,2019-06-09,Delhi,Cochin,11:25:00,21:00:00,575,1.0,No Info,6416
Indigo,2019-05-01,Banglore,Delhi,23:30:00,02:20:00,170,0.0,No Info,4591
Jet Airways,2019-06-03,Delhi,Cochin,17:30:00,04:25:00,655,1.0,No Info,14714
Indigo,2019-03-21,Kolkata,Banglore,10:10:00,12:55:00,165,0.0,No Info,5198
Indigo,2019-05-06,Kolkata,Banglore,11:30:00,14:05:00,155,0.0,No Info,5224
Air India,2019-04-09,Banglore,Delhi,21:05:00,23:55:00,170,0.0,No Info,4441
Spicejet,2019-05-18,Kolkata,Banglore,06:55:00,09:30:00,155,0.0,No check-in baggage included,3841
Multiple Carriers,2019-05-27,Delhi,Cochin,03:50:00,12:35:00,525,1.0,No Info,10197
Air India,2019-05-09,Delhi,Cochin,12:30:00,09:25:00,1255,1.0,No Info,7480
Spicejet,2019-05-18,Kolkata,Banglore,17:10:00,19:40:00,150,0.0,No check-in baggage included,3841
Air India,2019-06-15,Delhi,Cochin,07:05:00,09:25:00,1580,2.0,No Info,10975
Vistara,2019-06-27,Chennai,Kolkata,07:05:00,09:20:00,135,0.0,No Info,3687
Air India,2019-03-03,Delhi,Cochin,16:40:00,19:15:00,1595,2.0,No Info,14011
Indigo,2019-04-21,Banglore,Delhi,01:30:00,04:15:00,165,0.0,No Info,4591
Jet Airways,2019-05-15,Kolkata,Banglore,21:10:00,20:45:00,1415,1.0,In-flight meal not included,10844
Jet Airways,2019-05-09,Delhi,Cochin,02:15:00,19:00:00,1005,1.0,No Info,15554
Jet Airways,2019-06-01,Mumbai,Hyderabad,07:05:00,08:30:00,85,0.0,No Info,5678
Air Asia,2019-04-24,Delhi,Cochin,07:55:00,22:25:00,870,1.0,No Info,6152
Vistara,2019-03-06,Mumbai,Hyderabad,08:45:00,16:45:00,480,1.0,No Info,12395
Multiple Carriers,2019-05-09,Delhi,Cochin,11:25:00,19:15:00,470,1.0,No Info,7575
Jet Airways,2019-06-12,Delhi,Cochin,02:15:00,12:35:00,620,1.0,In-flight meal not included,10262
Indigo,2019-05-09,Delhi,Cochin,05:10:00,10:05:00,295,1.0,No Info,6496
Jet Airways,2019-04-01,Kolkata,Banglore,20:00:00,08:15:00,735,1.0,No Info,12681
Jet Airways,2019-03-18,Banglore,New Delhi,14:05:00,08:15:00,1090,1.0,No Info,12284
Multiple Carriers,2019-05-15,Delhi,Cochin,11:40:00,19:15:00,455,1.0,No Info,9001
Indigo,2019-05-06,Kolkata,Banglore,21:00:00,02:15:00,315,1.0,No Info,7252
Indigo,2019-03-01,Banglore,New Delhi,18:55:00,21:45:00,170,0.0,No Info,14306
Jet Airways,2019-06-27,Delhi,Cochin,19:10:00,12:35:00,1045,2.0,In-flight meal not included,11150
Spicejet,2019-06-03,Kolkata,Banglore,17:10:00,19:40:00,150,0.0,No check-in baggage included,3841
Multiple Carriers,2019-06-24,Delhi,Cochin,11:30:00,01:30:00,840,1.0,No Info,13377
Multiple Carriers,2019-06-12,Delhi,Cochin,09:45:00,16:10:00,385,1.0,No Info,9646
Jet Airways,2019-05-12,Kolkata,Banglore,20:25:00,23:35:00,1630,1.0,No Info,10953
Jet Airways,2019-06-12,Kolkata,Banglore,18:55:00,19:50:00,1495,1.0,In-flight meal not included,8529
Jet Airways,2019-05-18,Delhi,Cochin,13:00:00,12:35:00,1415,1.0,In-flight meal not included,12373
Multiple Carriers,2019-05-21,Delhi,Cochin,13:00:00,21:00:00,480,1.0,No Info,14067
Jet Airways,2019-04-27,Banglore,Delhi,08:20:00,11:20:00,180,0.0,In-flight meal not included,5198
Indigo,2019-05-15,Delhi,Cochin,06:50:00,16:10:00,560,1.0,No Info,6442
Multiple Carriers,2019-06-15,Delhi,Cochin,09:45:00,22:30:00,765,1.0,No Info,9646
Spicejet,2019-05-09,Kolkata,Banglore,17:10:00,19:40:00,150,0.0,No check-in baggage included,3841
Jet Airways,2019-03-27,Delhi,Cochin,19:10:00,04:25:00,555,2.0,No Info,10976
Jet Airways,2019-05-06,Kolkata,Banglore,20:25:00,15:05:00,1120,1.0,No Info,13067
Jet Airways,2019-03-06,Banglore,New Delhi,21:25:00,10:25:00,780,1.0,No Info,17261
Jet Airways,2019-06-12,Kolkata,Banglore,16:30:00,04:40:00,730,1.0,In-flight meal not included,6224
Air Asia,2019-06-01,Delhi,Cochin,16:45:00,07:10:00,865,1.0,No Info,11410
Indigo,2019-03-18,Banglore,New Delhi,16:15:00,20:35:00,260,1.0,No Info,4437
Jet Airways,2019-03-15,Banglore,New Delhi,05:45:00,11:25:00,340,1.0,In-flight meal not included,9134
Jet Airways,2019-04-12,Banglore,Delhi,07:10:00,10:10:00,180,0.0,In-flight meal not included,5198
Multiple Carriers,2019-06-09,Delhi,Cochin,09:45:00,16:10:00,385,1.0,No Info,9646
Jet Airways,2019-06-06,Kolkata,Banglore,17:00:00,10:55:00,1075,1.0,In-flight meal not included,10539
Multiple Carriers,2019-03-03,Delhi,Cochin,18:15:00,01:35:00,440,1.0,No Info,18916
Spicejet,2019-05-21,Banglore,Delhi,21:10:00,00:05:00,175,0.0,No Info,3625
Multiple Carriers,2019-06-01,Delhi,Cochin,07:05:00,21:00:00,835,1.0,In-flight meal not included,10406
Jet Airways,2019-06-24,Delhi,Cochin,20:00:00,04:25:00,505,2.0,In-flight meal not included,12410
Indigo,2019-05-24,Kolkata,Banglore,22:15:00,00:50:00,155,0.0,No Info,4804
Multiple Carriers,2019-05-27,Delhi,Cochin,08:00:00,19:15:00,675,1.0,In-flight meal not included,11761
Jet Airways,2019-04-21,Banglore,Delhi,18:55:00,22:00:00,185,0.0,No Info,7229
Indigo,2019-06-03,Delhi,Cochin,07:35:00,12:10:00,275,1.0,No Info,6069
Jet Airways,2019-05-27,Delhi,Cochin,19:15:00,04:25:00,550,1.0,In-flight meal not included,12898
Indigo,2019-06-24,Kolkata,Banglore,17:15:00,19:50:00,155,0.0,No Info,4804
Air India,2019-06-09,Delhi,Cochin,20:00:00,07:40:00,700,1.0,No Info,8372
Spicejet,2019-03-06,Kolkata,Banglore,06:55:00,09:35:00,160,0.0,No Info,3850
Jet Airways,2019-05-09,Mumbai,Hyderabad,07:05:00,08:30:00,85,0.0,No Info,8040
Indigo,2019-04-06,Kolkata,Banglore,19:20:00,23:45:00,265,1.0,No Info,3480
Goair,2019-05-21,Delhi,Cochin,10:35:00,19:35:00,540,1.0,No Info,6195
Multiple Carriers,2019-05-18,Delhi,Cochin,08:30:00,19:00:00,630,1.0,No Info,9205
Jet Airways,2019-05-06,Kolkata,Banglore,17:00:00,23:35:00,395,1.0,No Info,12121
Multiple Carriers,2019-05-21,Delhi,Cochin,11:25:00,19:15:00,470,1.0,No Info,7575
Air India,2019-03-18,Banglore,New Delhi,08:50:00,10:35:00,1545,2.0,No Info,11885
Indigo,2019-03-15,Mumbai,Hyderabad,12:00:00,13:25:00,85,0.0,No Info,3175
Jet Airways,2019-04-27,Banglore,Delhi,06:00:00,08:45:00,165,0.0,In-flight meal not included,4544
Air India,2019-05-15,Kolkata,Banglore,16:45:00,12:30:00,1185,2.0,No Info,14960
Indigo,2019-05-09,Delhi,Cochin,17:30:00,01:30:00,480,1.0,No Info,8330
Goair,2019-03-03,Delhi,Cochin,14:10:00,19:20:00,310,1.0,No Info,22794
Jet Airways,2019-06-27,Delhi,Cochin,23:05:00,04:25:00,1760,2.0,No Info,15339
Vistara,2019-03-03,Banglore,New Delhi,19:40:00,22:20:00,160,0.0,No Info,11913
Jet Airways,2019-05-01,Banglore,Delhi,15:15:00,18:10:00,175,0.0,No Info,7229
Air India,2019-05-15,Mumbai,Hyderabad,19:30:00,20:45:00,75,0.0,No Info,3100
Jet Airways,2019-06-12,Kolkata,Banglore,18:55:00,18:15:00,1400,1.0,No Info,13044
Jet Airways,2019-05-09,Delhi,Cochin,19:30:00,12:35:00,1025,2.0,In-flight meal not included,13029
Vistara,2019-06-09,Kolkata,Banglore,17:00:00,23:25:00,385,1.0,No Info,9870
Indigo,2019-06-21,Kolkata,Banglore,11:30:00,14:05:00,155,0.0,No Info,4804
Jet Airways,2019-03-09,Banglore,New Delhi,05:50:00,15:00:00,550,1.0,In-flight meal not included,10037
Jet Airways,2019-03-27,Delhi,Cochin,05:25:00,18:50:00,805,2.0,In-flight meal not included,9254
Indigo,2019-06-15,Chennai,Kolkata,22:05:00,00:25:00,140,0.0,No Info,5277
Jet Airways,2019-05-09,Mumbai,Hyderabad,19:35:00,21:05:00,90,0.0,In-flight meal not included,2759
Multiple Carriers,2019-06-03,Delhi,Cochin,08:30:00,19:15:00,645,1.0,No Info,7677
Multiple Carriers,2019-03-03,Delhi,Cochin,04:00:00,13:20:00,560,1.0,No Info,14973
Jet Airways,2019-05-27,Delhi,Cochin,13:00:00,04:25:00,925,1.0,In-flight meal not included,12898
Air India,2019-06-24,Delhi,Cochin,10:55:00,07:40:00,1245,2.0,No Info,11753
Jet Airways,2019-03-24,Kolkata,Banglore,16:55:00,04:45:00,710,1.0,No Info,14231
Air India,2019-05-09,Delhi,Cochin,07:05:00,09:25:00,1580,2.0,No Info,9347
Jet Airways,2019-05-18,Kolkata,Banglore,08:25:00,16:20:00,475,1.0,In-flight meal not included,10844
Jet Airways,2019-03-12,Banglore,New Delhi,18:55:00,10:25:00,930,1.0,In-flight meal not included,11087
Air India,2019-05-21,Delhi,Cochin,13:00:00,19:15:00,375,1.0,No Info,8372
Multiple Carriers,2019-05-15,Delhi,Cochin,07:30:00,21:00:00,810,1.0,No Info,8405
Jet Airways,2019-06-01,Delhi,Cochin,17:30:00,19:00:00,1530,1.0,In-flight meal not included,10262
Multiple Carriers,2019-05-09,Delhi,Cochin,10:35:00,19:00:00,505,1.0,No Info,9103
Indigo,2019-06-06,Banglore,Delhi,01:30:00,04:15:00,165,0.0,No Info,3943
Air India,2019-06-21,Banglore,Delhi,21:05:00,23:55:00,170,0.0,No Info,5228
Indigo,2019-06-03,Mumbai,Hyderabad,20:05:00,21:40:00,95,0.0,No Info,2227
Jet Airways,2019-06-15,Delhi,Cochin,17:30:00,19:00:00,1530,1.0,In-flight meal not included,10262
Air India,2019-05-24,Kolkata,Banglore,14:15:00,16:45:00,150,0.0,No Info,5510
Jet Airways,2019-05-24,Kolkata,Banglore,08:25:00,16:20:00,475,1.0,No Info,14571
Jet Airways,2019-04-15,Banglore,Delhi,19:50:00,22:50:00,180,0.0,No Info,7229
Jet Airways,2019-05-21,Delhi,Cochin,05:30:00,12:35:00,425,2.0,In-flight meal not included,15544
Jet Airways,2019-05-09,Kolkata,Banglore,08:25:00,04:40:00,1215,1.0,No Info,13941
Air India,2019-05-21,Banglore,Delhi,05:45:00,08:45:00,180,0.0,No Info,6961
Air India,2019-04-21,Delhi,Cochin,05:10:00,08:00:00,170,0.0,No Info,6094
Jet Airways,2019-04-03,Delhi,Cochin,02:15:00,19:00:00,1005,1.0,In-flight meal not included,4757
Multiple Carriers,2019-03-06,Delhi,Cochin,11:30:00,21:00:00,570,1.0,In-flight meal not included,15136
Spicejet,2019-04-01,Mumbai,Hyderabad,05:45:00,07:15:00,90,0.0,No check-in baggage included,1965
Air India,2019-05-24,Kolkata,Banglore,17:30:00,20:25:00,1615,1.0,No Info,10623
Air India,2019-06-24,Delhi,Cochin,13:00:00,19:15:00,375,1.0,No Info,8372
Jet Airways,2019-06-15,Delhi,Cochin,09:35:00,04:25:00,1130,2.0,No Info,13292
Jet Airways,2019-06-12,Delhi,Cochin,05:30:00,12:35:00,425,2.0,In-flight meal not included,13344
Indigo,2019-05-06,Chennai,Kolkata,14:45:00,17:05:00,140,0.0,No Info,3597
Multiple Carriers,2019-06-01,Delhi,Cochin,18:00:00,01:30:00,450,1.0,No Info,7933
Jet Airways,2019-03-21,Delhi,Cochin,09:40:00,18:50:00,550,2.0,No Info,11702
Jet Airways,2019-03-21,Banglore,New Delhi,05:50:00,12:20:00,390,1.0,In-flight meal not included,6163
Jet Airways,2019-05-18,Kolkata,Banglore,05:45:00,12:00:00,375,1.0,No Info,13941
Multiple Carriers,2019-05-15,Delhi,Cochin,11:30:00,01:30:00,840,1.0,No Info,13727
Jet Airways,2019-05-03,Banglore,Delhi,11:10:00,14:05:00,175,0.0,In-flight meal not included,4030
Air India,2019-06-06,Delhi,Cochin,09:45:00,09:25:00,1420,1.0,No Info,7952
Indigo,2019-06-03,Banglore,Delhi,22:10:00,01:00:00,170,0.0,No Info,3359
Spicejet,2019-05-03,Kolkata,Banglore,22:20:00,00:40:00,140,0.0,No Info,3873
Jet Airways,2019-05-03,Banglore,Delhi,08:20:00,11:20:00,180,0.0,In-flight meal not included,5198
Indigo,2019-06-09,Delhi,Cochin,07:35:00,22:30:00,895,1.0,No Info,6442
Jet Airways,2019-06-27,Delhi,Cochin,05:30:00,19:00:00,810,2.0,No Info,13014
Indigo,2019-05-06,Kolkata,Banglore,07:10:00,12:40:00,330,1.0,No Info,4864
Indigo,2019-03-21,Delhi,Cochin,07:30:00,13:20:00,350,1.0,No Info,9861
Air India,2019-05-24,Mumbai,Hyderabad,13:55:00,15:25:00,90,0.0,No Info,3100
Jet Airways,2019-05-27,Delhi,Cochin,02:15:00,12:35:00,620,1.0,In-flight meal not included,10152
Air India,2019-05-01,Kolkata,Banglore,09:25:00,18:20:00,535,2.0,No Info,8366
Jet Airways,2019-05-09,Delhi,Cochin,19:30:00,04:25:00,535,2.0,In-flight meal not included,13029
Air Asia,2019-05-03,Banglore,Delhi,23:55:00,02:45:00,170,0.0,No Info,4483
Air India,2019-06-01,Mumbai,Hyderabad,13:55:00,15:25:00,90,0.0,No Info,3625
Air Asia,2019-06-06,Delhi,Cochin,20:45:00,07:10:00,625,1.0,No Info,11410
Jet Airways,2019-05-18,Kolkata,Banglore,18:55:00,19:50:00,1495,1.0,In-flight meal not included,10844
Jet Airways,2019-03-21,Delhi,Cochin,11:30:00,18:50:00,440,1.0,No Info,13244
Jet Airways,2019-05-27,Delhi,Cochin,18:15:00,04:25:00,610,1.0,In-flight meal not included,12898
Vistara,2019-06-06,Delhi,Cochin,06:00:00,09:10:00,190,0.0,No Info,6216
Indigo,2019-04-27,Delhi,Cochin,02:00:00,07:45:00,345,1.0,No Info,7173
Indigo,2019-03-03,Banglore,New Delhi,05:25:00,10:10:00,285,1.0,No Info,7774
Vistara,2019-03-03,Banglore,New Delhi,06:40:00,12:35:00,355,1.0,No Info,12476
Jet Airways,2019-03-15,Banglore,New Delhi,05:50:00,12:20:00,390,1.0,No Info,9623
Multiple Carriers,2019-05-27,Delhi,Cochin,07:30:00,19:15:00,705,1.0,No Info,8837
Vistara,2019-04-27,Banglore,Delhi,21:00:00,23:50:00,170,0.0,No Info,5403
Jet Airways,2019-06-12,Kolkata,Banglore,06:30:00,12:00:00,330,1.0,In-flight meal not included,9899
Air India,2019-06-03,Delhi,Cochin,07:00:00,19:15:00,735,1.0,No Info,8879
Indigo,2019-06-09,Delhi,Cochin,02:00:00,07:25:00,325,1.0,No Info,5636
Indigo,2019-03-18,Mumbai,Hyderabad,20:05:00,21:35:00,90,0.0,No Info,2227
Multiple Carriers,2019-03-27,Delhi,Cochin,12:50:00,19:15:00,385,1.0,No Info,6953
Jet Airways,2019-05-12,Banglore,Delhi,11:10:00,14:05:00,175,0.0,No Info,7229
Jet Airways,2019-03-27,Delhi,Cochin,08:00:00,04:25:00,1225,1.0,In-flight meal not included,6645
Indigo,2019-05-18,Delhi,Cochin,11:25:00,21:00:00,575,1.0,No Info,7191
Jet Airways,2019-03-06,Banglore,New Delhi,08:00:00,15:15:00,435,1.0,No Info,19225
Jet Airways,2019-05-12,Kolkata,Banglore,21:10:00,10:05:00,775,1.0,In-flight meal not included,8586
Indigo,2019-06-09,Mumbai,Hyderabad,16:55:00,18:25:00,90,0.0,No Info,3175
Indigo,2019-06-03,Delhi,Cochin,06:50:00,22:30:00,940,1.0,No Info,7514
Jet Airways,2019-05-15,Kolkata,Banglore,20:00:00,09:20:00,800,1.0,In-flight meal not included,9663
Spicejet,2019-05-09,Chennai,Kolkata,09:45:00,12:00:00,135,0.0,No Info,3597
Air Asia,2019-03-06,Kolkata,Banglore,10:20:00,12:55:00,155,0.0,No Info,4384
Jet Airways,2019-03-06,Delhi,Cochin,23:05:00,04:25:00,320,1.0,No Info,15764
Goair,2019-04-09,Delhi,Cochin,07:25:00,13:20:00,355,1.0,No Info,4106
Vistara,2019-05-18,Delhi,Cochin,06:00:00,09:10:00,190,0.0,No Info,6741
Multiple Carriers,2019-05-18,Delhi,Cochin,09:00:00,19:15:00,615,1.0,No Info,14533
Spicejet,2019-05-03,Mumbai,Hyderabad,22:45:00,00:15:00,90,0.0,No Info,2227
Air India,2019-03-06,Mumbai,Hyderabad,09:40:00,15:15:00,1775,2.0,No Info,25139
Jet Airways,2019-05-21,Kolkata,Banglore,20:00:00,23:35:00,1655,1.0,In-flight meal not included,10844
Indigo,2019-03-27,Delhi,Cochin,04:45:00,21:00:00,975,1.0,No Info,7258
Jet Airways,2019-06-03,Delhi,Cochin,05:30:00,19:00:00,810,2.0,In-flight meal not included,11507
Air India,2019-03-27,Delhi,Cochin,17:15:00,09:25:00,970,2.0,No Info,6057
Indigo,2019-03-24,Mumbai,Hyderabad,20:05:00,21:35:00,90,0.0,No Info,2227
Spicejet,2019-03-03,Banglore,New Delhi,20:30:00,23:20:00,170,0.0,No Info,6860
Air India,2019-05-21,Delhi,Cochin,05:00:00,07:40:00,1600,2.0,No Info,11806
Air India,2019-03-24,Banglore,New Delhi,17:00:00,19:45:00,165,0.0,No Info,5176
Air India,2019-06-03,Kolkata,Banglore,20:45:00,23:20:00,155,0.0,No Info,4145
Air India,2019-05-18,Kolkata,Banglore,09:25:00,07:55:00,1350,1.0,No Info,8366
Jet Airways,2019-03-27,Delhi,Cochin,13:00:00,04:25:00,925,1.0,No Info,12242
Jet Airways,2019-04-18,Banglore,Delhi,08:20:00,11:20:00,180,0.0,No Info,7229
Air Asia,2019-06-12,Delhi,Cochin,20:45:00,07:10:00,625,1.0,No Info,6152
Multiple Carriers,2019-05-27,Delhi,Cochin,16:00:00,01:30:00,570,1.0,No Info,13377
Air India,2019-05-12,Kolkata,Banglore,05:50:00,23:15:00,1045,2.0,No Info,11411
Jet Airways,2019-06-03,Mumbai,Hyderabad,19:35:00,21:05:00,90,0.0,No Info,5678
Multiple Carriers,2019-06-09,Delhi,Cochin,07:05:00,22:30:00,925,1.0,No Info,9646
Spicejet,2019-04-06,Kolkata,Banglore,09:00:00,11:25:00,145,0.0,No Info,3873
Jet Airways,2019-03-06,Mumbai,Hyderabad,20:45:00,16:50:00,1205,1.0,No Info,19595
Spicejet,2019-05-01,Kolkata,Banglore,17:10:00,19:40:00,150,0.0,No Info,4174
Jet Airways,2019-05-27,Delhi,Cochin,16:00:00,04:25:00,745,1.0,In-flight meal not included,12898
Indigo,2019-04-18,Banglore,Delhi,00:30:00,03:25:00,175,0.0,No Info,4423
Indigo,2019-03-09,Delhi,Cochin,05:35:00,10:10:00,275,1.0,No Info,9476
Jet Airways,2019-05-21,Delhi,Cochin,19:10:00,19:00:00,1430,2.0,No Info,15129
Jet Airways,2019-05-27,Delhi,Cochin,13:25:00,12:35:00,1390,2.0,No Info,15129
Spicejet,2019-03-21,Chennai,Kolkata,17:45:00,20:05:00,140,0.0,No check-in baggage included,3332
Goair,2019-04-06,Delhi,Cochin,07:25:00,13:35:00,370,1.0,No Info,4201
Air Asia,2019-04-03,Kolkata,Banglore,19:55:00,22:25:00,150,0.0,No Info,4107
Multiple Carriers,2019-03-06,Delhi,Cochin,17:00:00,01:35:00,515,1.0,No Info,24318
Spicejet,2019-05-12,Mumbai,Hyderabad,22:45:00,00:15:00,90,0.0,No check-in baggage included,1965
Jet Airways,2019-06-12,Mumbai,Hyderabad,07:05:00,08:30:00,85,0.0,In-flight meal not included,4995
Indigo,2019-03-06,Delhi,Cochin,02:05:00,07:25:00,320,1.0,No Info,10851
Air India,2019-03-03,Banglore,New Delhi,10:30:00,21:25:00,655,2.0,No Info,11003
Air India,2019-04-09,Delhi,Cochin,13:05:00,07:40:00,1115,2.0,No Info,8577
Multiple Carriers,2019-06-27,Delhi,Cochin,10:00:00,01:30:00,930,1.0,No Info,7198
Jet Airways,2019-05-01,Kolkata,Banglore,17:00:00,10:55:00,1075,1.0,No Info,12121
Multiple Carriers,2019-06-06,Delhi,Cochin,13:00:00,01:30:00,750,1.0,No Info,13377
Spicejet,2019-05-06,Banglore,Delhi,05:55:00,08:35:00,160,0.0,No Info,3311
Vistara,2019-03-09,Banglore,New Delhi,07:00:00,09:40:00,160,0.0,No Info,7975
Jet Airways,2019-05-01,Kolkata,Banglore,09:35:00,10:55:00,1520,1.0,No Info,12121
Jet Airways,2019-06-27,Delhi,Cochin,13:25:00,12:35:00,1390,2.0,No Info,15339
Spicejet,2019-06-15,Mumbai,Hyderabad,05:45:00,07:15:00,90,0.0,No Info,2753
Jet Airways,2019-04-01,Delhi,Cochin,14:00:00,19:00:00,300,1.0,In-flight meal not included,5177
Indigo,2019-04-03,Mumbai,Hyderabad,06:25:00,07:55:00,90,0.0,No Info,4049
Jet Airways,2019-05-24,Mumbai,Hyderabad,02:55:00,04:20:00,85,0.0,No Info,5678
Vistara,2019-03-24,Kolkata,Banglore,07:10:00,09:10:00,1560,1.0,No Info,11682
Air India,2019-03-18,Banglore,New Delhi,17:25:00,23:25:00,1800,2.0,No Info,11518
Jet Airways,2019-05-21,Kolkata,Banglore,21:10:00,04:40:00,450,1.0,In-flight meal not included,8586
Indigo,2019-06-27,Chennai,Kolkata,22:05:00,00:25:00,140,0.0,No Info,5277
Goair,2019-04-27,Banglore,Delhi,20:55:00,23:40:00,165,0.0,No Info,3898
Air Asia,2019-05-01,Kolkata,Banglore,22:50:00,01:20:00,150,0.0,No Info,4409
Multiple Carriers,2019-05-15,Delhi,Cochin,06:00:00,19:15:00,795,1.0,No Info,8266
Jet Airways,2019-06-06,Delhi,Cochin,21:25:00,19:00:00,1295,2.0,No Info,13292
Indigo,2019-06-09,Kolkata,Banglore,17:15:00,19:50:00,155,0.0,No Info,4804
Air Asia,2019-06-27,Banglore,Delhi,23:55:00,02:45:00,170,0.0,No Info,3383
Air India,2019-06-21,Mumbai,Hyderabad,21:05:00,22:25:00,80,0.0,No Info,3100
Indigo,2019-03-27,Delhi,Cochin,16:10:00,22:20:00,370,1.0,No Info,6412
Jet Airways,2019-06-12,Delhi,Cochin,08:10:00,12:35:00,1705,2.0,No Info,14300
Indigo,2019-05-01,Banglore,Delhi,16:55:00,19:55:00,180,0.0,No Info,4823
Jet Airways,2019-03-01,Banglore,New Delhi,07:00:00,21:20:00,860,1.0,No Info,27992
Spicejet,2019-05-24,Banglore,Delhi,05:55:00,08:35:00,160,0.0,No check-in baggage included,3257
Vistara,2019-04-27,Banglore,Delhi,07:00:00,09:40:00,160,0.0,No Info,5613
Indigo,2019-06-03,Delhi,Cochin,07:35:00,16:10:00,515,1.0,No Info,7514
Air Asia,2019-06-06,Banglore,Delhi,23:55:00,02:45:00,170,0.0,No Info,7120
Multiple Carriers,2019-03-27,Delhi,Cochin,08:00:00,15:30:00,450,1.0,No Info,12537
Jet Airways,2019-05-21,Delhi,Cochin,05:30:00,04:25:00,1375,2.0,No Info,15129
Indigo,2019-06-18,Chennai,Kolkata,11:35:00,14:00:00,145,0.0,No Info,3858
Vistara,2019-06-06,Kolkata,Banglore,07:10:00,09:05:00,1555,1.0,No Info,8452
Jet Airways,2019-05-21,Kolkata,Banglore,17:00:00,18:00:00,1500,1.0,No Info,14151
Jet Airways,2019-03-01,Banglore,New Delhi,08:00:00,16:10:00,490,1.0,No Info,22270
Jet Airways,2019-05-12,Kolkata,Banglore,18:55:00,10:05:00,910,1.0,In-flight meal not included,9663
Jet Airways,2019-05-18,Delhi,Cochin,23:05:00,19:00:00,1195,2.0,No Info,15129
Vistara,2019-05-09,Delhi,Cochin,14:40:00,17:50:00,190,0.0,No Info,6216
Spicejet,2019-03-06,Delhi,Cochin,16:35:00,22:50:00,375,1.0,No Info,7185
Jet Airways,2019-05-12,Kolkata,Banglore,09:35:00,09:45:00,1450,1.0,No Info,14151
Vistara,2019-05-18,Banglore,Delhi,21:00:00,23:50:00,170,0.0,No Info,4668
Air India,2019-04-01,Kolkata,Banglore,16:50:00,18:30:00,1540,1.0,No Info,7893
Air India,2019-05-15,Delhi,Cochin,12:00:00,19:15:00,435,2.0,No Info,9601
Air India,2019-05-27,Mumbai,Hyderabad,19:30:00,20:45:00,75,0.0,No Info,3100
Indigo,2019-05-12,Banglore,Delhi,23:30:00,02:20:00,170,0.0,No Info,4591
Indigo,2019-06-12,Kolkata,Banglore,07:10:00,12:40:00,330,1.0,No Info,4864
Jet Airways,2019-03-01,Banglore,New Delhi,14:05:00,20:20:00,375,1.0,No Info,27992
Vistara,2019-05-18,Kolkata,Banglore,17:00:00,20:20:00,1640,1.0,No Info,9555
Air India,2019-05-18,Delhi,Cochin,17:15:00,19:15:00,1560,2.0,No Info,12392
Air India,2019-06-06,Kolkata,Banglore,14:30:00,23:15:00,525,2.0,No Info,15894
Air India,2019-05-27,Delhi,Cochin,18:00:00,19:15:00,1515,1.0,No Info,8372
Indigo,2019-06-18,Banglore,Delhi,18:25:00,21:20:00,175,0.0,No Info,4823
Indigo,2019-06-03,Banglore,Delhi,04:00:00,06:50:00,170,0.0,No Info,3943
Jet Airways,2019-03-24,Kolkata,Banglore,06:30:00,23:25:00,1015,1.0,In-flight meal not included,8824
Vistara,2019-06-18,Delhi,Cochin,06:00:00,09:10:00,190,0.0,No Info,6216
Jet Airways,2019-05-01,Banglore,Delhi,18:55:00,22:00:00,185,0.0,In-flight meal not included,4030
Multiple Carriers,2019-05-18,Delhi,Cochin,12:50:00,01:30:00,760,1.0,No Info,7670
Multiple Carriers,2019-06-15,Delhi,Cochin,18:00:00,01:30:00,450,1.0,No Info,7408
Jet Airways,2019-04-15,Delhi,Cochin,11:30:00,19:00:00,450,1.0,In-flight meal not included,6542
Multiple Carriers,2019-03-09,Delhi,Cochin,09:45:00,16:10:00,385,1.0,No Info,8386
Jet Airways,2019-06-27,Delhi,Cochin,09:40:00,19:00:00,560,2.0,No Info,13014
Multiple Carriers,2019-06-15,Delhi,Cochin,15:00:00,01:30:00,630,1.0,No Info,13377
Jet Airways,2019-05-06,Kolkata,Banglore,18:55:00,10:05:00,910,1.0,No Info,13584
Multiple Carriers,2019-03-21,Delhi,Cochin,06:40:00,18:50:00,730,1.0,No Info,13568
Air India,2019-05-06,Kolkata,Banglore,05:50:00,20:25:00,875,2.0,No Info,10991
Indigo,2019-06-03,Delhi,Cochin,15:10:00,20:00:00,290,1.0,No Info,6493
Air India,2019-04-09,Banglore,Delhi,17:00:00,19:50:00,170,0.0,No Info,5911
Air India,2019-05-21,Kolkata,Banglore,09:25:00,07:55:00,1350,1.0,No Info,8891
Multiple Carriers,2019-06-24,Delhi,Cochin,10:00:00,01:30:00,930,1.0,No Info,13377
Jet Airways,2019-06-15,Delhi,Cochin,09:25:00,12:35:00,1630,2.0,No Info,13882
Multiple Carriers,2019-06-24,Delhi,Cochin,13:00:00,21:00:00,480,1.0,No Info,7408
Jet Airways,2019-06-12,Delhi,Cochin,20:55:00,04:25:00,450,1.0,In-flight meal not included,10262
Air India,2019-06-03,Delhi,Cochin,12:55:00,19:15:00,1820,2.0,No Info,12436
Indigo,2019-03-09,Delhi,Cochin,02:05:00,07:10:00,305,1.0,No Info,10482
Jet Airways,2019-05-06,Kolkata,Banglore,20:25:00,21:05:00,1480,1.0,No Info,13067
Indigo,2019-05-09,Chennai,Kolkata,05:15:00,07:40:00,145,0.0,No Info,3540
Multiple Carriers,2019-05-15,Delhi,Cochin,06:40:00,19:00:00,740,1.0,No Info,9315
Jet Airways,2019-05-15,Kolkata,Banglore,21:10:00,19:50:00,1360,1.0,In-flight meal not included,10844
Jet Airways,2019-06-01,Delhi,Cochin,02:15:00,19:00:00,1005,1.0,In-flight meal not included,10262
Indigo,2019-05-21,Delhi,Cochin,08:30:00,21:00:00,750,1.0,No Info,7318
Jet Airways,2019-03-18,Banglore,New Delhi,18:40:00,00:45:00,365,1.0,No Info,54826
Air India,2019-06-09,Delhi,Cochin,17:40:00,08:15:00,875,1.0,No Info,7468
Air India,2019-03-15,Delhi,Cochin,18:05:00,21:10:00,185,0.0,No Info,4939
Indigo,2019-03-24,Chennai,Kolkata,22:05:00,00:25:00,140,0.0,No Info,5277
Air India,2019-05-15,Delhi,Cochin,13:00:00,19:15:00,375,1.0,No Info,8372
Jet Airways,2019-05-12,Kolkata,Banglore,08:25:00,09:20:00,1495,1.0,In-flight meal not included,9663
Air Asia,2019-05-01,Kolkata,Banglore,06:50:00,10:30:00,220,1.0,No Info,6857
Vistara,2019-05-21,Kolkata,Banglore,07:10:00,18:50:00,700,1.0,No Info,9345
Indigo,2019-04-09,Banglore,Delhi,07:10:00,10:05:00,175,0.0,No Info,4823
Jet Airways,2019-03-12,Banglore,New Delhi,22:55:00,11:25:00,750,1.0,No Info,13817
Multiple Carriers,2019-06-27,Delhi,Cochin,07:10:00,22:30:00,920,1.0,In-flight meal not included,6093
Jet Airways,2019-05-21,Delhi,Cochin,20:55:00,04:25:00,450,1.0,No Info,16079
Jet Airways,2019-05-24,Kolkata,Banglore,17:00:00,19:10:00,1570,1.0,No Info,13067
Jet Airways,2019-05-21,Banglore,Delhi,18:55:00,22:00:00,185,0.0,In-flight meal not included,4030
Jet Airways,2019-05-18,Kolkata,Banglore,20:25:00,09:45:00,800,1.0,No Info,14151
Vistara,2019-04-01,Kolkata,Banglore,07:10:00,10:45:00,1655,1.0,No Info,8505
Indigo,2019-04-12,Kolkata,Banglore,22:15:00,00:50:00,155,0.0,No Info,4174
Air India,2019-06-27,Delhi,Cochin,22:00:00,19:15:00,1275,2.0,No Info,10441
Multiple Carriers,2019-06-27,Delhi,Cochin,10:20:00,19:15:00,535,1.0,No Info,7741
Air India,2019-05-24,Kolkata,Banglore,09:50:00,12:30:00,1600,2.0,No Info,15170
Multiple Carriers,2019-06-06,Delhi,Cochin,07:05:00,19:15:00,730,1.0,No Info,14848
Indigo,2019-06-27,Delhi,Cochin,07:35:00,16:10:00,515,1.0,No Info,6442
Jet Airways,2019-06-09,Delhi,Cochin,17:30:00,12:35:00,1145,1.0,In-flight meal not included,10262
Jet Airways,2019-05-21,Kolkata,Banglore,06:30:00,10:05:00,1655,1.0,In-flight meal not included,8586
Spicejet,2019-05-27,Chennai,Kolkata,17:45:00,20:05:00,140,0.0,No check-in baggage included,3543
Multiple Carriers,2019-03-03,Delhi,Cochin,08:00:00,15:30:00,450,1.0,No Info,17057
Jet Airways,2019-03-09,Banglore,New Delhi,08:00:00,21:20:00,800,1.0,In-flight meal not included,11087
Air Asia,2019-05-21,Banglore,Delhi,23:55:00,02:45:00,170,0.0,No Info,3383
Jet Airways,2019-03-24,Kolkata,Banglore,13:55:00,04:45:00,890,1.0,In-flight meal not included,10661
Jet Airways,2019-05-15,Kolkata,Banglore,16:30:00,12:00:00,1170,1.0,In-flight meal not included,10844
Vistara,2019-04-18,Delhi,Cochin,06:00:00,09:10:00,190,0.0,No Info,6741
Air India,2019-04-24,Banglore,Delhi,21:05:00,23:55:00,170,0.0,No Info,5228
Jet Airways,2019-05-06,Kolkata,Banglore,09:35:00,21:05:00,690,1.0,In-flight meal not included,10703
Indigo,2019-05-21,Delhi,Cochin,18:35:00,01:30:00,415,1.0,No Info,7006
Indigo,2019-06-01,Delhi,Cochin,09:15:00,01:30:00,975,1.0,No Info,7048
Indigo,2019-05-09,Delhi,Cochin,07:35:00,12:10:00,275,1.0,No Info,5054
Vistara,2019-03-24,Kolkata,Banglore,17:00:00,09:10:00,970,1.0,No Info,13310
Goair,2019-06-27,Delhi,Cochin,07:00:00,12:55:00,355,1.0,No Info,5281
Jet Airways,2019-03-06,Banglore,New Delhi,09:45:00,14:25:00,280,1.0,No Info,16757
Indigo,2019-05-15,Delhi,Cochin,11:25:00,21:00:00,575,1.0,No Info,6979
Indigo,2019-06-03,Kolkata,Banglore,09:35:00,12:10:00,155,0.0,No Info,4804
Air India,2019-05-15,Delhi,Cochin,14:10:00,17:10:00,180,0.0,No Info,6094
Air Asia,2019-06-06,Delhi,Cochin,07:55:00,13:25:00,330,1.0,No Info,8759
Spicejet,2019-04-27,Delhi,Cochin,17:55:00,22:50:00,295,1.0,No Info,4957
Indigo,2019-06-01,Delhi,Cochin,07:30:00,21:00:00,810,1.0,No Info,6416
Air India,2019-03-18,Banglore,New Delhi,06:45:00,10:35:00,1670,2.0,No Info,12305
Air India,2019-06-01,Delhi,Cochin,08:00:00,19:15:00,675,1.0,No Info,9929
Spicejet,2019-05-09,Banglore,Delhi,09:30:00,12:20:00,170,0.0,No Info,4991
Jet Airways,2019-05-21,Delhi,Cochin,21:50:00,12:35:00,885,1.0,In-flight meal not included,12898
Indigo,2019-05-27,Banglore,Delhi,16:55:00,19:55:00,180,0.0,No Info,4823
Spicejet,2019-05-21,Chennai,Kolkata,08:20:00,10:35:00,135,0.0,No Info,3597
Multiple Carriers,2019-06-03,Delhi,Cochin,12:50:00,01:30:00,760,1.0,No Info,7530
Jet Airways,2019-05-15,Kolkata,Banglore,16:30:00,22:35:00,365,1.0,In-flight meal not included,10844
Jet Airways,2019-06-09,Delhi,Cochin,14:00:00,04:25:00,865,1.0,In-flight meal not included,10262
Air Asia,2019-04-27,Banglore,Delhi,04:55:00,07:45:00,170,0.0,No Info,4282
Jet Airways,2019-03-24,Mumbai,Hyderabad,02:55:00,04:25:00,90,0.0,No Info,5678
Air India,2019-06-24,Delhi,Cochin,16:40:00,19:15:00,1595,2.0,No Info,9443
Air India,2019-05-27,Mumbai,Hyderabad,21:05:00,22:25:00,80,0.0,No Info,3100
Jet Airways,2019-05-01,Kolkata,Banglore,17:00:00,23:35:00,395,1.0,No Info,13067
Indigo,2019-05-21,Delhi,Cochin,16:00:00,21:00:00,300,1.0,No Info,7255
Multiple Carriers,2019-05-18,Delhi,Cochin,10:20:00,21:00:00,640,1.0,No Info,7670
Goair,2019-06-27,Delhi,Cochin,14:25:00,19:35:00,310,1.0,No Info,7870
Air India,2019-03-15,Banglore,New Delhi,22:00:00,13:20:00,920,1.0,No Info,8845
Air Asia,2019-03-27,Delhi,Cochin,20:10:00,07:10:00,660,1.0,No Info,6151
Indigo,2019-03-03,Delhi,Cochin,06:40:00,15:30:00,530,1.0,No Info,14871
Jet Airways,2019-05-09,Delhi,Cochin,13:00:00,19:00:00,360,1.0,No Info,15554
Jet Airways,2019-03-18,Banglore,New Delhi,21:25:00,10:25:00,780,1.0,No Info,13555
Air Asia,2019-05-03,Kolkata,Banglore,19:55:00,22:25:00,150,0.0,No Info,5989
Jet Airways,2019-06-24,Banglore,Delhi,07:10:00,10:10:00,180,0.0,In-flight meal not included,5769
Multiple Carriers,2019-06-24,Delhi,Cochin,19:00:00,01:30:00,390,1.0,No Info,6795
Jet Airways,2019-05-18,Delhi,Cochin,19:30:00,12:35:00,1025,2.0,In-flight meal not included,10368
Indigo,2019-05-24,Kolkata,Banglore,19:20:00,23:45:00,265,1.0,No Info,3809
Multiple Carriers,2019-05-27,Delhi,Cochin,15:00:00,01:30:00,630,1.0,No Info,13377
Jet Airways,2019-05-27,Delhi,Cochin,11:30:00,12:35:00,1505,1.0,In-flight meal not included,12898
Jet Airways,2019-06-09,Delhi,Cochin,19:30:00,04:25:00,535,2.0,No Info,13014
Jet Airways,2019-06-24,Delhi,Cochin,07:05:00,12:35:00,330,1.0,No Info,14924
Indigo,2019-05-27,Delhi,Cochin,21:50:00,03:35:00,345,1.0,No Info,6769
Indigo,2019-04-06,Kolkata,Banglore,15:15:00,17:45:00,150,0.0,No Info,4174
Jet Airways,2019-05-15,Kolkata,Banglore,16:30:00,04:40:00,730,1.0,No Info,14781
Jet Airways,2019-06-01,Delhi,Cochin,09:40:00,19:00:00,560,2.0,In-flight meal not included,10368
Jet Airways,2019-03-18,Banglore,New Delhi,16:55:00,23:00:00,365,1.0,No Info,13555
Jet Airways,2019-06-15,Delhi,Cochin,10:00:00,19:00:00,540,1.0,In-flight meal not included,10262
Jet Airways,2019-05-06,Kolkata,Banglore,20:00:00,09:20:00,800,1.0,In-flight meal not included,9663
Air India,2019-06-01,Delhi,Cochin,22:00:00,19:15:00,1275,2.0,No Info,10441
Vistara,2019-03-21,Delhi,Cochin,06:00:00,09:10:00,190,0.0,No Info,6688
Air India,2019-03-01,Banglore,New Delhi,06:45:00,12:15:00,330,1.0,No Info,23677
Jet Airways,2019-03-09,Banglore,New Delhi,21:25:00,08:15:00,650,1.0,In-flight meal not included,9134
Air India,2019-05-01,Mumbai,Hyderabad,06:20:00,07:40:00,80,0.0,No Info,3625
Jet Airways,2019-06-06,Delhi,Cochin,19:45:00,19:00:00,1395,1.0,No Info,14714
Spicejet,2019-06-09,Delhi,Cochin,15:45:00,22:05:00,380,1.0,No Info,6297
Air India,2019-03-12,Mumbai,Hyderabad,05:55:00,19:10:00,795,1.0,No Info,8528
Air India,2019-03-09,Banglore,New Delhi,17:00:00,19:45:00,165,0.0,No Info,10741
Jet Airways,2019-06-12,Delhi,Cochin,08:10:00,04:25:00,1215,2.0,No Info,14300
Multiple Carriers,2019-06-24,Delhi,Cochin,12:50:00,19:15:00,385,1.0,In-flight meal not included,7268
Jet Airways,2019-06-24,Banglore,Delhi,15:15:00,18:10:00,175,0.0,In-flight meal not included,5769
Air India,2019-03-12,Mumbai,Hyderabad,09:40:00,15:15:00,1775,3.0,No Info,18293
Jet Airways,2019-03-06,Delhi,Cochin,19:45:00,19:45:00,1440,1.0,No Info,17024
Multiple Carriers,2019-06-27,Delhi,Cochin,07:30:00,19:00:00,690,1.0,No Info,10877
Indigo,2019-04-24,Kolkata,Banglore,22:15:00,00:50:00,155,0.0,No Info,4804
Air India,2019-05-09,Kolkata,Banglore,07:00:00,20:25:00,805,1.0,No Info,10203
Air India,2019-05-06,Kolkata,Banglore,10:00:00,01:20:00,920,2.0,No Info,13873
Jet Airways,2019-05-21,Delhi,Cochin,19:45:00,19:00:00,1395,1.0,No Info,16079
Air India,2019-05-06,Kolkata,Banglore,20:30:00,20:25:00,1435,1.0,No Info,10203
Jet Airways,2019-06-03,Delhi,Cochin,05:30:00,12:35:00,425,2.0,In-flight meal not included,13344
Air Asia,2019-06-09,Banglore,Delhi,23:55:00,02:45:00,170,0.0,No Info,7120
Jet Airways,2019-05-24,Kolkata,Banglore,18:55:00,20:45:00,1550,1.0,In-flight meal not included,10844
Jet Airways,2019-05-09,Kolkata,Banglore,10:20:00,17:35:00,435,1.0,In-flight meal not included,5608
Vistara,2019-05-09,Chennai,Kolkata,07:05:00,09:20:00,135,0.0,No Info,3687
Air India,2019-03-09,Delhi,Cochin,05:00:00,19:15:00,2295,2.0,No Info,10598
Jet Airways,2019-05-18,Delhi,Cochin,18:15:00,04:25:00,610,1.0,In-flight meal not included,12373
Indigo,2019-06-03,Delhi,Cochin,18:35:00,01:30:00,415,1.0,No Info,6628
Indigo,2019-04-03,Banglore,Delhi,00:30:00,03:25:00,175,0.0,No Info,3419
Air India,2019-03-09,Delhi,Cochin,06:05:00,09:25:00,1640,1.0,No Info,10945
Multiple Carriers,2019-05-15,Delhi,Cochin,07:30:00,19:00:00,690,1.0,No Info,10529
Indigo,2019-06-09,Mumbai,Hyderabad,09:10:00,10:40:00,90,0.0,No Info,4049
Jet Airways,2019-06-06,Delhi,Cochin,05:30:00,19:00:00,810,2.0,In-flight meal not included,11507
Jet Airways,2019-05-09,Kolkata,Banglore,17:00:00,18:00:00,1500,1.0,No Info,10624
Jet Airways,2019-03-27,Delhi,Cochin,19:10:00,19:45:00,1475,2.0,No Info,10929
Jet Airways,2019-05-12,Kolkata,Banglore,20:00:00,04:40:00,520,1.0,In-flight meal not included,8586
Jet Airways,2019-06-01,Delhi,Cochin,19:45:00,04:25:00,520,1.0,No Info,14714
Vistara,2019-05-21,Banglore,Delhi,09:45:00,12:35:00,170,0.0,No Info,4668
Jet Airways,2019-05-12,Kolkata,Banglore,18:55:00,12:00:00,1025,1.0,In-flight meal not included,9663
Jet Airways,2019-06-12,Banglore,Delhi,07:10:00,10:10:00,180,0.0,In-flight meal not included,5769
Air India,2019-03-01,Banglore,New Delhi,08:50:00,10:35:00,1545,2.0,No Info,31783
Jet Airways,2019-05-18,Kolkata,Banglore,18:55:00,12:00:00,1025,1.0,In-flight meal not included,10844
Vistara,2019-05-15,Kolkata,Banglore,07:10:00,20:20:00,790,1.0,No Info,8610
Indigo,2019-06-27,Banglore,Delhi,00:25:00,03:15:00,170,0.0,No Info,3419
Indigo,2019-06-12,Banglore,Delhi,20:00:00,22:50:00,170,0.0,No Info,4823
Jet Airways,2019-06-03,Delhi,Cochin,19:45:00,12:35:00,1010,1.0,No Info,14714
Multiple Carriers,2019-05-15,Delhi,Cochin,06:40:00,19:15:00,755,1.0,No Info,7787
Jet Airways,2019-06-09,Kolkata,Banglore,21:10:00,04:40:00,450,1.0,No Info,13731
Air India,2019-05-18,Delhi,Cochin,09:45:00,23:00:00,795,1.0,No Info,8907
Indigo,2019-03-01,Banglore,New Delhi,10:05:00,13:00:00,175,0.0,No Info,10067
Indigo,2019-06-27,Banglore,Delhi,23:30:00,02:20:00,170,0.0,No Info,3943
Indigo,2019-03-06,Chennai,Kolkata,05:15:00,07:35:00,140,0.0,No Info,6482
Indigo,2019-06-03,Delhi,Cochin,06:50:00,16:10:00,560,1.0,No Info,7514
Indigo,2019-05-15,Mumbai,Hyderabad,09:10:00,10:40:00,90,0.0,No Info,4575
Jet Airways,2019-03-06,Banglore,New Delhi,14:05:00,19:10:00,305,1.0,No Info,19225
Air India,2019-03-21,Delhi,Cochin,17:20:00,09:25:00,965,1.0,No Info,6482
Indigo,2019-03-06,Delhi,Cochin,14:30:00,17:35:00,185,0.0,No Info,7673
Jet Airways,2019-05-21,Delhi,Cochin,10:00:00,04:25:00,1105,1.0,In-flight meal not included,12898
Indigo,2019-04-24,Banglore,Delhi,18:55:00,21:50:00,175,0.0,No Info,4823
Jet Airways,2019-03-21,Banglore,New Delhi,11:40:00,21:20:00,580,1.0,In-flight meal not included,7832
Spicejet,2019-05-01,Chennai,Kolkata,08:20:00,10:35:00,135,0.0,No Info,3597
Indigo,2019-04-27,Kolkata,Banglore,11:30:00,14:05:00,155,0.0,No Info,4804
Jet Airways,2019-05-15,Kolkata,Banglore,17:00:00,22:05:00,1745,1.0,No Info,14151
Jet Airways,2019-06-01,Delhi,Cochin,11:30:00,12:35:00,1505,1.0,In-flight meal not included,10262
Indigo,2019-04-24,Delhi,Cochin,02:00:00,07:45:00,345,1.0,No Info,5241
Jet Airways,2019-03-24,Kolkata,Banglore,13:55:00,09:15:00,1160,1.0,No Info,14231
Jet Airways,2019-03-06,Banglore,New Delhi,05:45:00,11:25:00,340,1.0,No Info,19225
Jet Airways,2019-03-06,Delhi,Cochin,19:15:00,04:25:00,550,1.0,No Info,17024
Spicejet,2019-06-06,Banglore,Delhi,05:55:00,08:35:00,160,0.0,No check-in baggage included,3573
Indigo,2019-04-01,Banglore,Delhi,00:30:00,03:25:00,175,0.0,No Info,4423
Indigo,2019-05-27,Banglore,Delhi,20:00:00,22:50:00,170,0.0,No Info,4823
Indigo,2019-04-06,Kolkata,Banglore,21:25:00,00:05:00,160,0.0,No Info,4174
Jet Airways,2019-03-27,Mumbai,Hyderabad,15:50:00,17:20:00,90,0.0,No Info,5678
Indigo,2019-03-24,Banglore,New Delhi,18:25:00,21:20:00,175,0.0,No Info,8033
Air India,2019-04-06,Banglore,Delhi,17:00:00,19:45:00,165,0.0,No Info,4651
Air Asia,2019-05-21,Banglore,Delhi,11:10:00,13:55:00,165,0.0,No Info,3383
Indigo,2019-05-03,Banglore,Delhi,06:05:00,08:50:00,165,0.0,No Info,3943
Spicejet,2019-05-18,Kolkata,Banglore,06:55:00,09:30:00,155,0.0,No Info,3873
Jet Airways,2019-06-15,Delhi,Cochin,05:30:00,04:25:00,1375,2.0,In-flight meal not included,10368
Indigo,2019-05-18,Chennai,Kolkata,15:40:00,18:25:00,165,0.0,No Info,3850
Air India,2019-06-01,Delhi,Cochin,05:15:00,07:40:00,1585,3.0,No Info,12383
Indigo,2019-06-03,Banglore,Delhi,01:30:00,04:15:00,165,0.0,No Info,3943
Spicejet,2019-05-01,Mumbai,Hyderabad,22:45:00,00:15:00,90,0.0,No Info,2017
Spicejet,2019-03-03,Delhi,Cochin,16:35:00,22:50:00,375,1.0,No Info,11726
Jet Airways,2019-05-24,Kolkata,Banglore,20:00:00,04:40:00,520,1.0,In-flight meal not included,8586
Jet Airways,2019-03-21,Delhi,Cochin,19:10:00,04:25:00,1995,2.0,In-flight meal not included,8834
Vistara,2019-04-21,Banglore,Delhi,09:45:00,12:35:00,170,0.0,No Info,5403
Indigo,2019-06-01,Banglore,Delhi,00:25:00,03:15:00,170,0.0,No Info,4077
Jet Airways,2019-05-06,Kolkata,Banglore,06:30:00,18:15:00,705,1.0,In-flight meal not included,10844
Multiple Carriers,2019-05-09,Delhi,Cochin,11:30:00,01:30:00,840,1.0,No Info,15078
Indigo,2019-05-09,Banglore,Delhi,01:30:00,04:15:00,165,0.0,No Info,3419
Spicejet,2019-03-21,Mumbai,Hyderabad,05:45:00,07:05:00,80,0.0,No Info,3173
Goair,2019-06-03,Delhi,Cochin,07:25:00,13:35:00,370,1.0,No Info,6976
Multiple Carriers,2019-06-09,Delhi,Cochin,11:40:00,01:30:00,830,1.0,No Info,6795
Jet Airways,2019-06-24,Banglore,Delhi,07:10:00,10:10:00,180,0.0,No Info,8016
Jet Airways,2019-03-01,Banglore,New Delhi,11:40:00,11:25:00,1425,1.0,No Info,25735
Air India,2019-03-18,Banglore,New Delhi,13:20:00,16:10:00,170,0.0,No Info,4441
Air India,2019-03-12,Banglore,New Delhi,06:45:00,18:05:00,2120,3.0,No Info,13387
Multiple Carriers,2019-05-15,Delhi,Cochin,10:35:00,19:00:00,505,1.0,No Info,9103
Jet Airways,2019-05-27,Delhi,Cochin,05:30:00,12:35:00,425,2.0,No Info,16274
Vistara,2019-04-01,Kolkata,Banglore,17:00:00,22:55:00,355,1.0,No Info,8977
Goair,2019-04-01,Kolkata,Banglore,16:40:00,00:15:00,455,1.0,No Info,5171
Vistara,2019-05-01,Banglore,Delhi,21:00:00,23:50:00,170,0.0,No Info,4668
Jet Airways,2019-05-18,Delhi,Cochin,21:50:00,04:25:00,395,1.0,No Info,15554
Jet Airways,2019-06-09,Delhi,Cochin,22:50:00,19:00:00,1210,1.0,No Info,14714
Jet Airways,2019-05-12,Kolkata,Banglore,16:30:00,22:35:00,365,1.0,No Info,14781
Jet Airways,2019-03-06,Delhi,Cochin,20:05:00,04:25:00,500,2.0,No Info,52285
Jet Airways,2019-06-12,Kolkata,Banglore,06:30:00,04:40:00,1330,1.0,No Info,12739
Jet Airways,2019-03-01,Banglore,New Delhi,05:45:00,15:15:00,570,1.0,No Info,26890
Jet Airways,2019-05-15,Kolkata,Banglore,14:05:00,23:35:00,570,1.0,In-flight meal not included,8586
Indigo,2019-03-03,Delhi,Cochin,21:05:00,00:20:00,195,0.0,No Info,7673
Air India,2019-06-12,Delhi,Cochin,20:30:00,08:15:00,705,1.0,No Info,8991
Spicejet,2019-04-21,Kolkata,Banglore,22:20:00,00:40:00,140,0.0,No Info,4911
Indigo,2019-06-24,Delhi,Cochin,23:30:00,04:35:00,305,1.0,No Info,9165
Air India,2019-04-01,Kolkata,Banglore,09:50:00,23:15:00,805,2.0,No Info,12125
Multiple Carriers,2019-06-03,Delhi,Cochin,09:00:00,19:00:00,600,1.0,No Info,13714
Multiple Carriers,2019-06-24,Delhi,Cochin,06:40:00,19:00:00,740,1.0,No Info,10877
Spicejet,2019-06-06,Mumbai,Hyderabad,13:15:00,14:45:00,90,0.0,No Info,2017
Multiple Carriers,2019-06-01,Delhi,Cochin,11:30:00,21:00:00,570,1.0,No Info,13587
Jet Airways,2019-03-24,Kolkata,Banglore,16:55:00,09:15:00,980,1.0,In-flight meal not included,11134
Spicejet,2019-03-06,Kolkata,Banglore,22:20:00,00:40:00,140,0.0,No Info,3849
Air India,2019-05-15,Delhi,Cochin,22:00:00,19:15:00,1275,2.0,No Info,11281
Jet Airways,2019-03-12,Banglore,New Delhi,21:25:00,07:40:00,615,1.0,No Info,11717
Jet Airways,2019-05-12,Kolkata,Banglore,08:25:00,19:50:00,685,1.0,No Info,13941
Jet Airways,2019-05-12,Kolkata,Banglore,14:05:00,23:35:00,570,1.0,No Info,14781
Jet Airways,2019-05-24,Kolkata,Banglore,14:05:00,22:35:00,510,1.0,No Info,14571
Jet Airways,2019-06-06,Delhi,Cochin,16:00:00,19:00:00,1620,1.0,In-flight meal not included,10262
Air Asia,2019-04-12,Kolkata,Banglore,22:50:00,01:20:00,150,0.0,No Info,4409
Air India,2019-04-09,Delhi,Cochin,20:15:00,19:15:00,1380,2.0,No Info,9916
Jet Airways,2019-06-15,Banglore,Delhi,19:50:00,22:50:00,180,0.0,In-flight meal not included,7229
Multiple Carriers,2019-03-21,Delhi,Cochin,11:30:00,21:00:00,570,1.0,No Info,13062
Jet Airways,2019-03-09,Delhi,Cochin,21:50:00,04:25:00,395,1.0,No Info,15029
Jet Airways,2019-03-24,Mumbai,Hyderabad,10:20:00,11:50:00,90,0.0,No Info,5678
Spicejet,2019-04-15,Kolkata,Banglore,15:05:00,20:20:00,315,1.0,No Info,4649
Indigo,2019-05-24,Mumbai,Hyderabad,12:00:00,13:30:00,90,0.0,No Info,4392
Air India,2019-06-18,Banglore,Delhi,05:45:00,08:45:00,180,0.0,No Info,6961
Jet Airways,2019-05-18,Kolkata,Banglore,05:45:00,19:50:00,845,1.0,In-flight meal not included,10844
Indigo,2019-03-01,Banglore,New Delhi,16:50:00,21:35:00,285,1.0,No Info,13302
Air India,2019-06-06,Kolkata,Banglore,10:00:00,20:25:00,625,1.0,No Info,10203
Indigo,2019-06-24,Kolkata,Banglore,04:40:00,07:15:00,155,0.0,No Info,4804
Air India,2019-04-24,Delhi,Cochin,14:10:00,17:10:00,180,0.0,No Info,6094
Air India,2019-06-27,Kolkata,Banglore,20:45:00,23:20:00,155,0.0,No Info,4145
Air India,2019-06-27,Delhi,Cochin,09:45:00,09:25:00,1420,2.0,No Info,10975
Indigo,2019-05-21,Delhi,Cochin,09:15:00,21:00:00,705,1.0,No Info,7318
Air India,2019-05-09,Kolkata,Banglore,12:00:00,07:55:00,1195,2.0,No Info,9416
Jet Airways,2019-05-24,Kolkata,Banglore,14:05:00,20:45:00,400,1.0,In-flight meal not included,10844
Indigo,2019-06-01,Delhi,Cochin,15:00:00,01:30:00,630,1.0,No Info,6628
Indigo,2019-05-15,Banglore,Delhi,18:55:00,21:50:00,175,0.0,No Info,4823
Jet Airways,2019-03-21,Delhi,Cochin,17:30:00,04:25:00,655,1.0,In-flight meal not included,5963
Air India,2019-05-01,Kolkata,Banglore,17:30:00,13:45:00,1215,2.0,No Info,15164
Jet Airways,2019-06-01,Delhi,Cochin,09:40:00,04:25:00,1125,2.0,In-flight meal not included,10368
Air Asia,2019-06-21,Kolkata,Banglore,22:50:00,01:20:00,150,0.0,No Info,3807
Multiple Carriers,2019-06-15,Delhi,Cochin,03:50:00,19:00:00,910,1.0,No Info,12192
Jet Airways,2019-03-27,Delhi,Cochin,08:00:00,18:50:00,650,1.0,In-flight meal not included,6068
Jet Airways,2019-06-01,Delhi,Cochin,08:00:00,04:25:00,1225,1.0,In-flight meal not included,10262
Jet Airways,2019-05-18,Banglore,Delhi,11:10:00,14:05:00,175,0.0,No Info,7229
Jet Airways,2019-06-12,Banglore,Delhi,08:20:00,11:20:00,180,0.0,In-flight meal not included,5769
Indigo,2019-03-21,Banglore,New Delhi,20:00:00,22:55:00,175,0.0,No Info,6144
Air Asia,2019-05-18,Kolkata,Banglore,10:20:00,12:55:00,155,0.0,No Info,5645
Jet Airways,2019-03-06,Delhi,Cochin,09:55:00,18:50:00,535,1.0,No Info,17024
Jet Airways,2019-05-18,Delhi,Cochin,19:15:00,19:00:00,1425,1.0,In-flight meal not included,12373
Goair,2019-04-24,Banglore,Delhi,07:45:00,10:40:00,175,0.0,No Info,4632
Jet Airways,2019-06-27,Delhi,Cochin,22:50:00,04:25:00,335,1.0,In-flight meal not included,12898
Air India,2019-05-09,Kolkata,Banglore,09:25:00,07:55:00,1350,1.0,No Info,8366
Indigo,2019-06-24,Kolkata,Banglore,14:25:00,16:55:00,150,0.0,No Info,4804
Jet Airways,2019-03-03,Delhi,Cochin,02:15:00,18:50:00,995,1.0,No Info,17024
Jet Airways,2019-03-21,Delhi,Cochin,10:45:00,18:50:00,1925,2.0,In-flight meal not included,7791
Air India,2019-06-27,Delhi,Cochin,05:15:00,19:15:00,2280,3.0,No Info,10703
Indigo,2019-06-06,Kolkata,Banglore,19:35:00,23:15:00,220,1.0,No Info,6116
Jet Airways,2019-04-01,Kolkata,Banglore,20:25:00,22:05:00,1540,1.0,No Info,12121
Vistara,2019-06-12,Kolkata,Banglore,17:00:00,20:20:00,1640,1.0,No Info,8085
Vistara,2019-06-09,Kolkata,Banglore,07:10:00,10:45:00,1655,1.0,No Info,9397
Jet Airways,2019-03-12,Banglore,New Delhi,22:55:00,10:45:00,710,1.0,In-flight meal not included,11087
Air India,2019-03-12,Banglore,New Delhi,08:50:00,23:25:00,875,2.0,No Info,13250
Air India,2019-05-15,Chennai,Kolkata,11:40:00,13:55:00,135,0.0,No Info,4667
Air India,2019-06-06,Banglore,Delhi,21:05:00,23:55:00,170,0.0,No Info,6121
Air India,2019-05-24,Delhi,Cochin,09:45:00,09:25:00,1420,1.0,No Info,7480
Jet Airways,2019-05-09,Delhi,Cochin,05:30:00,19:00:00,810,2.0,No Info,15129
Jet Airways,2019-05-18,Banglore,Delhi,15:15:00,18:10:00,175,0.0,No Info,7229
Multiple Carriers,2019-06-24,Delhi,Cochin,10:35:00,19:15:00,520,1.0,No Info,7155
Jet Airways,2019-06-15,Delhi,Cochin,11:30:00,04:25:00,1015,1.0,In-flight meal not included,10262
Indigo,2019-03-15,Banglore,New Delhi,23:30:00,02:20:00,170,0.0,No Info,8033
Jet Airways,2019-05-24,Kolkata,Banglore,20:25:00,18:00:00,1295,1.0,No Info,14151
Jet Airways,2019-06-01,Banglore,Delhi,15:15:00,18:10:00,175,0.0,In-flight meal not included,7229
Indigo,2019-04-27,Banglore,Delhi,10:10:00,13:00:00,170,0.0,No Info,4423
Jet Airways,2019-05-09,Kolkata,Banglore,14:05:00,20:45:00,400,1.0,No Info,14781
Air India,2019-05-03,Banglore,Delhi,06:10:00,08:55:00,165,0.0,No Info,5228
Jet Airways,2019-05-18,Banglore,Delhi,18:55:00,22:00:00,185,0.0,In-flight meal not included,5198
Multiple Carriers,2019-03-09,Delhi,Cochin,06:50:00,19:15:00,745,1.0,In-flight meal not included,14817
Spicejet,2019-03-27,Delhi,Cochin,06:10:00,11:20:00,310,1.0,No Info,5351
Indigo,2019-06-27,Mumbai,Hyderabad,06:25:00,07:55:00,90,0.0,No Info,4049
Air India,2019-03-24,Kolkata,Banglore,09:10:00,21:50:00,760,2.0,No Info,15187
Spicejet,2019-06-09,Mumbai,Hyderabad,05:45:00,07:15:00,90,0.0,No Info,2753
Jet Airways,2019-03-21,Delhi,Cochin,07:05:00,18:50:00,705,1.0,No Info,12767
Indigo,2019-05-27,Chennai,Kolkata,14:45:00,17:05:00,140,0.0,No Info,3597
Jet Airways,2019-04-01,Kolkata,Banglore,21:10:00,04:40:00,450,1.0,No Info,13364
Indigo,2019-06-03,Banglore,Delhi,18:25:00,21:20:00,175,0.0,No Info,4823
Indigo,2019-04-15,Delhi,Cochin,17:05:00,22:15:00,310,1.0,No Info,5912
Jet Airways,2019-05-21,Delhi,Cochin,20:00:00,04:25:00,505,2.0,In-flight meal not included,15318
Multiple Carriers,2019-03-21,Delhi,Cochin,09:00:00,15:30:00,390,1.0,No Info,8307
Jet Airways,2019-03-06,Banglore,New Delhi,20:35:00,19:10:00,1355,1.0,No Info,17471
Indigo,2019-03-24,Kolkata,Banglore,15:10:00,20:15:00,305,1.0,No Info,6762
Indigo,2019-04-27,Delhi,Cochin,16:00:00,21:00:00,300,1.0,No Info,6937
Jet Airways,2019-05-15,Kolkata,Banglore,09:35:00,22:05:00,750,1.0,In-flight meal not included,10703
Jet Airways,2019-05-03,Banglore,Delhi,19:50:00,22:50:00,180,0.0,In-flight meal not included,6144
Jet Airways,2019-05-01,Kolkata,Banglore,08:25:00,09:20:00,1495,1.0,No Info,14388
Air India,2019-05-27,Delhi,Cochin,10:55:00,19:15:00,500,2.0,No Info,13223
Jet Airways,2019-06-27,Delhi,Cochin,23:05:00,04:25:00,1760,2.0,In-flight meal not included,11150
Jet Airways,2019-05-24,Kolkata,Banglore,14:05:00,19:50:00,345,1.0,No Info,14571
Jet Airways,2019-03-06,Delhi,Cochin,07:05:00,18:50:00,705,1.0,No Info,17234
Indigo,2019-05-27,Banglore,Delhi,21:15:00,00:15:00,180,0.0,No Info,3943
Indigo,2019-06-12,Delhi,Cochin,05:35:00,08:50:00,195,0.0,No Info,5601
Multiple Carriers,2019-06-27,Delhi,Cochin,06:00:00,19:15:00,795,1.0,In-flight meal not included,7268
Indigo,2019-04-09,Banglore,Delhi,04:00:00,06:50:00,170,0.0,No Info,3943
Indigo,2019-05-24,Banglore,Delhi,18:55:00,21:50:00,175,0.0,No Info,4823
Vistara,2019-05-12,Kolkata,Banglore,20:20:00,09:05:00,765,1.0,No Info,9397
Spicejet,2019-04-15,Delhi,Cochin,08:45:00,13:15:00,270,1.0,No Info,5830
Jet Airways,2019-05-21,Delhi,Cochin,14:00:00,19:00:00,300,1.0,No Info,16079
Vistara,2019-04-21,Delhi,Cochin,14:40:00,17:50:00,190,0.0,No Info,6741
Indigo,2019-03-03,Mumbai,Hyderabad,19:05:00,20:30:00,85,0.0,No Info,5755
Air Asia,2019-03-24,Banglore,New Delhi,23:25:00,02:10:00,165,0.0,No Info,4482
Jet Airways,2019-06-12,Kolkata,Banglore,21:10:00,09:20:00,730,1.0,In-flight meal not included,8529
Indigo,2019-03-24,Kolkata,Banglore,14:30:00,20:10:00,340,1.0,No Info,9413
Jet Airways,2019-06-06,Kolkata,Banglore,18:55:00,04:40:00,585,1.0,No Info,13374
Vistara,2019-03-06,Mumbai,Hyderabad,15:40:00,09:25:00,1065,1.0,No Info,12395
Indigo,2019-03-06,Delhi,Cochin,11:30:00,21:00:00,570,1.0,No Info,14871
Multiple Carriers,2019-03-27,Delhi,Cochin,04:00:00,15:30:00,690,1.0,No Info,6305
Air Asia,2019-06-18,Banglore,Delhi,11:10:00,13:55:00,165,0.0,No Info,3383
Multiple Carriers,2019-05-09,Delhi,Cochin,06:00:00,19:15:00,795,1.0,No Info,8266
Indigo,2019-05-03,Chennai,Kolkata,13:15:00,15:35:00,140,0.0,No Info,3597
Air Asia,2019-06-06,Delhi,Cochin,16:45:00,22:25:00,340,1.0,No Info,11410
Air India,2019-05-21,Mumbai,Hyderabad,15:00:00,16:25:00,85,0.0,No Info,3100
Multiple Carriers,2019-05-18,Delhi,Cochin,06:00:00,19:15:00,795,1.0,No Info,8476
Air India,2019-06-09,Banglore,Delhi,10:00:00,12:45:00,165,0.0,No Info,6961
Indigo,2019-05-01,Delhi,Cochin,18:35:00,01:30:00,415,1.0,No Info,8854
Jet Airways,2019-03-21,Delhi,Cochin,08:00:00,18:50:00,650,1.0,In-flight meal not included,6540
Indigo,2019-04-21,Banglore,Delhi,20:00:00,22:50:00,170,0.0,No Info,4823
Vistara,2019-03-03,Banglore,New Delhi,21:10:00,00:05:00,175,0.0,No Info,7608
Jet Airways,2019-03-21,Banglore,New Delhi,08:00:00,23:00:00,900,1.0,In-flight meal not included,7832
Indigo,2019-05-21,Mumbai,Hyderabad,02:35:00,04:05:00,90,0.0,No Info,2754
Jet Airways,2019-06-12,Delhi,Cochin,20:00:00,12:35:00,995,2.0,No Info,14300
Jet Airways,2019-06-09,Kolkata,Banglore,20:25:00,18:00:00,1295,1.0,No Info,13401
Spicejet,2019-05-21,Kolkata,Banglore,17:10:00,19:40:00,150,0.0,No Info,3873
Jet Airways,2019-05-15,Kolkata,Banglore,10:20:00,17:35:00,435,1.0,No Info,8355
Indigo,2019-03-03,Delhi,Cochin,04:55:00,16:10:00,675,1.0,No Info,8513
Indigo,2019-03-21,Delhi,Cochin,07:30:00,21:00:00,810,1.0,No Info,8784
Air India,2019-03-01,Mumbai,Hyderabad,13:55:00,15:25:00,90,0.0,No Info,10082
Indigo,2019-06-18,Chennai,Kolkata,07:55:00,10:15:00,140,0.0,No Info,3850
Air India,2019-03-09,Delhi,Cochin,10:55:00,19:15:00,1940,2.0,No Info,17476
Indigo,2019-04-18,Banglore,Delhi,01:30:00,04:15:00,165,0.0,No Info,4591
Spicejet,2019-06-21,Mumbai,Hyderabad,05:45:00,07:15:00,90,0.0,No check-in baggage included,2647
Air India,2019-04-01,Kolkata,Banglore,05:50:00,13:15:00,445,2.0,No Info,5562
Jet Airways,2019-03-21,Mumbai,Hyderabad,03:05:00,04:25:00,80,0.0,In-flight meal not included,2759
Spicejet,2019-03-09,Kolkata,Banglore,22:20:00,00:40:00,140,0.0,No Info,4622
Jet Airways,2019-05-01,Kolkata,Banglore,17:00:00,21:05:00,1685,1.0,No Info,12121
Multiple Carriers,2019-06-01,Delhi,Cochin,07:00:00,21:00:00,840,1.0,No Info,7408
Jet Airways,2019-05-09,Delhi,Cochin,09:40:00,04:25:00,1125,2.0,In-flight meal not included,13029
Indigo,2019-04-03,Banglore,Delhi,16:55:00,19:55:00,180,0.0,No Info,4823
Jet Airways,2019-05-24,Kolkata,Banglore,06:30:00,16:20:00,590,1.0,In-flight meal not included,10844
Air India,2019-06-01,Banglore,Delhi,13:20:00,16:10:00,170,0.0,No Info,6961
Indigo,2019-05-01,Banglore,Delhi,01:30:00,04:15:00,165,0.0,No Info,4077
Indigo,2019-03-21,Banglore,New Delhi,13:00:00,15:50:00,170,0.0,No Info,5694
Air India,2019-06-12,Chennai,Kolkata,11:40:00,13:55:00,135,0.0,No Info,4667
Jet Airways,2019-05-06,Kolkata,Banglore,06:30:00,10:05:00,1655,1.0,In-flight meal not included,8586
Jet Airways,2019-03-24,Banglore,New Delhi,11:40:00,09:00:00,1280,1.0,In-flight meal not included,8147
Indigo,2019-05-12,Kolkata,Banglore,19:35:00,23:15:00,220,1.0,No Info,5276
Spicejet,2019-05-01,Kolkata,Banglore,11:35:00,18:50:00,435,1.0,No Info,8479
Indigo,2019-06-01,Delhi,Cochin,14:25:00,17:40:00,195,0.0,No Info,6015
Vistara,2019-05-01,Banglore,Delhi,11:30:00,14:20:00,170,0.0,No Info,4668
Spicejet,2019-05-18,Chennai,Kolkata,08:20:00,10:35:00,135,0.0,No check-in baggage included,3543
Indigo,2019-06-15,Banglore,Delhi,13:00:00,15:50:00,170,0.0,No Info,3943
Jet Airways,2019-06-18,Mumbai,Hyderabad,02:55:00,04:20:00,85,0.0,In-flight meal not included,4995
